Load factor, Avg Effort(found), Max Effort (found), Avg Effort(not found), Max Effort(not found)
0.6,1.51293,15,2.61653,21
0.7,1.69907,20,3.5412,25
0.8,1.99013,27,5.48307,45
0.85,2.23573,35,7.2644,55
0.9,2.57693,58,10.8332,85
0.95,3.11933,87,20.7331,161
0.99,4.58867,288,100.343,778
